accuracy,auc,loss,val_accuracy,val_auc,val_loss,learning_rate,epoch,phase,epoch_seconds
0.6045485138893127,0.8207716941833496,1.0367710590362549,0.7062549591064453,0.8913800716400146,0.7802451848983765,0.0010000000474974513,1,phase1,99.12972260004608
0.6607264280319214,0.8715254068374634,0.8696392774581909,0.7094219923019409,0.9023890495300293,0.7697004079818726,0.0010000000474974513,2,phase1,93.77458159998059
0.6858451962471008,0.8888405561447144,0.8015682697296143,0.737133800983429,0.906629204750061,0.7110621333122253,0.0010000000474974513,3,phase1,94.04912889999105
0.7034962773323059,0.8976209163665771,0.776086688041687,0.7331749796867371,0.9093636274337769,0.7306352853775024,0.0010000000474974513,4,phase1,95.21186099998886
0.6972165703773499,0.8990471363067627,0.7669327855110168,0.7268408536911011,0.9035102128982544,0.7543272376060486,0.0010000000474974513,5,phase1,95.20931120001478
0.7145282030105591,0.9087883830070496,0.7217515110969543,0.7189232110977173,0.908971905708313,0.7457717061042786,0.0003000000142492354,6,phase1,95.06706309999572
0.7267481088638306,0.9157389402389526,0.6962650418281555,0.7228820323944092,0.91304612159729,0.7171571850776672,0.0003000000142492354,7,phase1,94.97206780000124
0.7325186729431152,0.9204525947570801,0.6768679618835449,0.730799674987793,0.9139236211776733,0.6974749565124512,9.000000136438757e-05,8,phase1,94.2641261999961
0.7357434034347534,0.9201985001564026,0.6753530502319336,0.7276326417922974,0.9128762483596802,0.7036274671554565,9.000000136438757e-05,9,phase1,94.63562700001057
0.737949788570404,0.9205935001373291,0.6732721924781799,0.7323831915855408,0.9146697521209717,0.6904668211936951,9.000000136438757e-05,10,phase1,94.52115000004414
0.723862886428833,0.9157395958900452,0.6932304501533508,0.7442597150802612,0.9197200536727905,0.6549033522605896,9.999999747378752e-06,11,phase2,112.91964740003459
0.7415139079093933,0.9214619398117065,0.6737012267112732,0.7379255890846252,0.9206970930099487,0.658084511756897,9.999999747378752e-06,12,phase2,108.02640600001905
0.7435505986213684,0.9275747537612915,0.6359098553657532,0.745843231678009,0.9240130186080933,0.6672321557998657,9.999999747378752e-06,13,phase2,109.65855340001872
0.7617108225822449,0.9372681379318237,0.5930978655815125,0.7632620930671692,0.9254767894744873,0.6321337223052979,2.9999998787388904e-06,14,phase2,112.42597370001022
0.7661235332489014,0.9379681348800659,0.5901253819465637,0.7529691457748413,0.9247516393661499,0.6596477031707764,2.9999998787388904e-06,15,phase2,112.89427679998334
0.7754582762718201,0.940144419670105,0.579082190990448,0.7640538215637207,0.9283303022384644,0.6168532371520996,2.9999998787388904e-06,16,phase2,111.4428792000399
0.7713849544525146,0.9411765336990356,0.5738906264305115,0.7569279670715332,0.927480161190033,0.6352331042289734,2.9999998787388904e-06,17,phase2,108.97054519999074
0.773421585559845,0.9413540363311768,0.567767858505249,0.7688044309616089,0.9271270036697388,0.6185575127601624,2.9999998787388904e-06,18,phase2,108.38822590000927
0.7735913395881653,0.9429587721824646,0.5658891201019287,0.7688044309616089,0.9271832704544067,0.6206114888191223,8.999999749903509e-07,19,phase2,108.38165630004369
0.7790223956108093,0.9430768489837646,0.5606393218040466,0.7672209143638611,0.9270104169845581,0.6235171556472778,8.999999749903509e-07,20,phase2,107.44434659997933
0.7834351658821106,0.946189820766449,0.5454381108283997,0.7727632522583008,0.9277269840240479,0.6112286448478699,2.699999868127634e-07,21,phase2,109.0990103999502
0.7912423610687256,0.9470449686050415,0.5428670644760132,0.7680126428604126,0.927470862865448,0.6130234599113464,2.699999868127634e-07,22,phase2,108.4937426999677
0.7778343558311462,0.9445614814758301,0.5501243472099304,0.7688044309616089,0.9270991086959839,0.6146929860115051,2.699999868127634e-07,23,phase2,108.7905106000253
0.7842837572097778,0.944450855255127,0.5588213205337524,0.7680126428604126,0.9271488189697266,0.6140226721763611,1.0000000116860974e-07,24,phase2,110.35486750002019
0.7830957174301147,0.9460327625274658,0.5438126921653748,0.7703879475593567,0.9273999929428101,0.611920952796936,1.0000000116860974e-07,25,phase2,109.38731690001441
0.7883570790290833,0.9451577067375183,0.5513247847557068,0.7703879475593567,0.9274574518203735,0.6114101409912109,1.0000000116860974e-07,26,phase2,108.7665713999886
